"Reference","Qty","Value","DNP","Exclude from BOM","Exclude from Board","Footprint","Datasheet"
"C1","1","2.2u","","","","Capacitor_SMD:C_0603_1608Metric","~"
"C2,C4,C5","3","10u","","","","Capacitor_SMD:C_0603_1608Metric","~"
"C3","1","1u","","","","Capacitor_SMD:C_0603_1608Metric","~"
"D1,D2","2","LED","","","","LED_SMD:LED_0603_1608Metric","~"
"J1","1","USB_A","","","","Connector_USB:USB_A_CNCTech_1001-011-01101_Horizontal","~"
"J2","1","Conn_01x03_Pin","","","","Connectors:PinHeader_1x03_P2.54mm_Vertical","~"
"J3","1","Conn_01x02_Pin","","","","Connector_PinHeader_2.54mm:PinHeader_1x02_P2.54mm_Vertical","~"
"L1","1","2.2u","","","","Inductor_SMD:L_0603_1608Metric","~"
"R2","1","1500","","","","Resistor_SMD:R_0603_1608Metric","~"
"U2","1","nPM1100-QDXX","","","","npm1100:QFN24_NPM1100_NOR","https://docs-be.nordicsemi.com/bundle/ps_npm1100/attach/nPM1100_PS_v1.4.pdf?_LANG=enus"
